"'Area: Nothing :('","0","filler","Area","Nothing :("
"'Area: Stranglewood Southwest Corner'","1","progression","Area","4403"
"'Area: Stranglewood Bridges'","1","progression","Area","4404"
"'Area: Stranglewood Ritual Site'","1","progression","Area","4405"
"'Area: Tal Teklan Dock'","1","progression","Area","4656"
"'Area: Stranglewood Mine'","1","progression","Area","4659"
"'Area: Stranglewood River Main'","1","progression","Area","4660"
"'Area: Stranglewood Temple'","1","progression","Area","4661"
"'Area: West Quidamortem Path'","1","progression","Area","4662"
"'Area: Quidamortem Cave'","1","progression","Area","4663"
"'Area: Ket\'sal K\'uk'","1","progression","Area","4664"
"'Area: Kebos Mine'","1","progression","Area","4665"
"'Area: Kebos West Shore'","1","progression","Area","4666"
"'Area: Kebos Northwest Shore'","1","progression","Area","4667"
"'Area: '","1","progression","Area","4763"
"'Area: Cerberus\' Lair'","1","progression","Area","4883"
"'Area: Tlati Picnic Pond'","1","progression","Area","4910"
"'Area: Southwest Gemstone Lair'","1","progression","Area","4911"
"'Area: Tal Teklan'","1","progression","Area","4912"
"'Area: Tal Teok'","1","progression","Area","4913"
"'Area: Northwest Tempestus'","1","progression","Area","4915"
"'Area: Custodia Pass Path'","1","progression","Area","4916"
"'Area: Custodia Mountains Lake'","1","progression","Area","4917"
"'Area: Quidamortem Path'","1","progression","Area","4918"
"'Area: Mount Quidamortem'","1","progression","Area","4919"
"'Area: Kebos Swamp'","1","progression","Area","4920"
"'Area: River Molch'","1","progression","Area","4921"
"'Area: Farming Guild'","1","progression","Area","4922"
"'Area: West Mount Karuulm'","1","progression","Area","4923"
"'Area: Hespori\'s Lair'","1","progression","Area","5021"
"'Area: Darkmoon Ravine'","1","progression","Area","5165"
"'Area: Aldarin Coastal Magics'","1","progression","Area","5166"
"'Area: Tonali Crypt Entrance'","1","progression","Area","5167"
"'Area: Central Tlati Rainforest'","1","progression","Area","5168"
"'Area: Rainforest River Crossing'","1","progression","Area","5169"
"'Area: Northeast Tempestus'","1","progression","Area","5171"
"'Area: Custodia Pass Bridge'","1","progression","Area","5172"
"'Area: Custodia Pass Mines'","1","progression","Area","5173"
"'Area: Settlement Path'","1","progression","Area","5174"
"'Area: Lizardman Settlement'","1","progression","Area","5175"
"'Area: Xeric\'s Shrine'","1","progression","Area","5176"
"'Area: Molch'","1","progression","Area","5177"
"'Area: Keith\'s House'","1","progression","Area","5178"
"'Area: Mount Karuulm'","1","progression","Area","5179"
"'Area: North Mount Karuulm'","1","progression","Area","5180"
"'Area: Dragon Nest'","1","progression","Area","5268"
"'Area: Lizardman Caves'","1","progression","Area","5275"
"'Area: Lizardman Temple'","1","progression","Area","5277"
"'Area: Karuulm Slayer Dungeon'","1","progression","Area","5279"
"'Area: Karuulm Slayer Dungeon#Lobby'","1","progression","Area","5280"
"'Area: Mistrock Center'","1","progression","Area","5420"
"'Area: Moonrise Alchemical Headquarters'","1","progression","Area","5421"
"'Area: Aldarin Mansions North'","1","progression","Area","5422"
"'Area: Kastori'","1","progression","Area","5423"
"'Area: River Varla Fork'","1","progression","Area","5424"
"'Area: Varla Magic Grove'","1","progression","Area","5425"
"'Area: Gloomthorn Trail'","1","progression","Area","5426"
"'Area: Nemus Retreat'","1","progression","Area","5427"
"'Area: Auburnvale West'","1","progression","Area","5428"
"'Area: Auburnvale Coast'","1","progression","Area","5429"
"'Area: Lacerta Falls'","1","progression","Area","5430"
"'Area: Shayziens\' Wall'","1","progression","Area","5431"
"'Area: Molch Island'","1","progression","Area","5432"
"'Area: Battlefront Dock'","1","progression","Area","5433"
"'Area: Battlefront'","1","progression","Area","5434"
"'Area: The Forsaken Tower'","1","progression","Area","5435"
"'Area: Moonrise Wine Cellar'","1","progression","Area","5521"
"'Area: Alchemical Society'","1","progression","Area","5522"
"'Area: Imp Basement'","1","progression","Area","5523"
"'Area: Stalker Den'","1","progression","Area","5527"
"'Area: Mistrock Cove'","1","progression","Area","5676"
"'Area: Villa Lucens'","1","progression","Area","5677"
"'Area: Aldarin Docks'","1","progression","Area","5678"
"'Area: Black Jaguar Peninsula'","1","progression","Area","5679"
"'Area: Cam Torum Entrance'","1","progression","Area","5680"
"'Area: Ralos\' Rise'","1","progression","Area","5681"
"'Area: Mons Gratia'","1","progression","Area","5682"
"'Area: Auburn Valley Stump'","1","progression","Area","5683"
"'Area: Auburnvale East'","1","progression","Area","5684"
"'Area: Ruins of Morra'","1","progression","Area","5686"
"'Area: Shayziens\' Gate'","1","progression","Area","5687"
"'Area: Shayzien Dock'","1","progression","Area","5688"
"'Area: Fiery Chasm Entrance'","1","progression","Area","5689"
"'Area: West Lovakengj'","1","progression","Area","5690"
"'Area: Lovakite Mine'","1","progression","Area","5691"
"'Area: Sulphur Mine'","1","progression","Area","5692"
"'Area: Cam Torum'","1","progression","Area","5780"
"'Area: Neypotzli'","1","progression","Area","5781"
"'Area: Giants\' Den'","1","progression","Area","5785"
"'Area: Chasm of Fire'","1","progression","Area","5789"
"'Area: Yama\'s Domain'","1","progression","Area","5790"
"'Area: Villa Lucens Theatre'","1","progression","Area","5933"
"'Area: Sunset Coast'","1","progression","Area","5934"
"'Area: Hunter Guild Backyard'","1","progression","Area","5935"
"'Area: Cam Torum Path'","1","progression","Area","5936"
"'Area: Varlamore Pyramid'","1","progression","Area","5937"
"'Area: Quetzacalli Gorge'","1","progression","Area","5938"
"'Area: Darkfrost Peak'","1","progression","Area","5939"
"'Area: Auburn Valley Path'","1","progression","Area","5940"
"'Area: Land\'s End'","1","progression","Area","5941"
"'Area: West Kourend Woodland'","1","progression","Area","5942"
"'Area: Graveyard of Heroes'","1","progression","Area","5943"
"'Area: South Shayzien Encampment'","1","progression","Area","5944"
"'Area: North Shayzien Encampment'","1","progression","Area","5945"
"'Area: Lovakengj Assembly'","1","progression","Area","5946"
"'Area: Lovakite Furnace'","1","progression","Area","5947"
"'Area: Blast Mine'","1","progression","Area","5948"
"'Area: Settlement Ruins Corner'","1","progression","Area","5949"
"'Area: Wolf Den'","1","progression","Area","6036"
"'Area: Shayzien Prison'","1","progression","Area","6041"
"'Area: Shayzien Crypts'","1","progression","Area","6043"
"'Area: West Wyrm Coast'","1","progression","Area","6189"
"'Area: Sunset Fishing Cove'","1","progression","Area","6190"
"'Area: Hunter Guild'","1","progression","Area","6191"
"'Area: Ortus Farm'","1","progression","Area","6192"
"'Area: Fortis Aqueduct'","1","progression","Area","6193"
"'Area: The Proudspire'","1","progression","Area","6194"
"'Area: Shipwreck Cove'","1","progression","Area","6195"
"'Area: Shipwreck Cove Coast'","1","progression","Area","6196"
"'Area: South Kourend Woodland'","1","progression","Area","6197"
"'Area: West Woodcutting Guild'","1","progression","Area","6198"
"'Area: Shayzien Town Center'","1","progression","Area","6199"
"'Area: Combat Ring'","1","progression","Area","6200"
"'Area: Kourend Castle Rear'","1","progression","Area","6201"
"'Area: The Deeper Lode'","1","progression","Area","6202"
"'Area: Tower of Magic'","1","progression","Area","6203"
"'Area: Settlement Ruins'","1","progression","Area","6204"
"'Area: Unmarked Grave'","1","progression","Area","6205"
"'Area: Ancient Cavern'","1","progression","Area","6220"
"'Area: Hunter Guild Basement'","1","progression","Area","6291"
"'Area: Woodcutting Guild#Dungeon'","1","progression","Area","6298"
"'Area: Colossal Wyrm Remains'","1","progression","Area","6445"
"'Area: Avium Savannah South'","1","progression","Area","6446"
"'Area: Avium Savannah North'","1","progression","Area","6447"
"'Area: Fortis Wealthy District'","1","progression","Area","6448"
"'Area: Kualti Headquarters'","1","progression","Area","6449"
"'Area: Twilight Trialist Tower'","1","progression","Area","6450"
"'Area: Salvager Overlook'","1","progression","Area","6451"
"'Area: Crabclaw Caves'","1","progression","Area","6453"
"'Area: East Woodcutting Guild'","1","progression","Area","6454"
"'Area: Watson\'s House'","1","progression","Area","6455"
"'Area: Mess'","1","progression","Area","6456"
"'Area: Kourend Castle'","1","progression","Area","6457"
"'Area: West Arceuus'","1","progression","Area","6458"
"'Area: Arceuus Library'","1","progression","Area","6459"
"'Area: North Arceuus Path'","1","progression","Area","6460"
"'Area: Wintertodt Camp'","1","progression","Area","6461"
"'Area: Wintertodt'","1","progression","Area","6462"
"'Area: Misthalin Manor'","1","progression","Area","6475"
"'Area: Varrock Museum#Paleontology Floor'","1","progression","Area","6477"
"'Area: Fortis Barracks'","1","progression","Area","6549"
"'Area: Thief\'s Passageway'","1","progression","Area","6550"
"'Area: South Varlamore Coast'","1","progression","Area","6701"
"'Area: Locus Oasis'","1","progression","Area","6702"
"'Area: Outer Fortis Farms'","1","progression","Area","6703"
"'Area: Fortis Bazaar'","1","progression","Area","6704"
"'Area: Sunrise Palace'","1","progression","Area","6705"
"'Area: Twilight Temple'","1","progression","Area","6706"
"'Area: Twilight Temple North'","1","progression","Area","6707"
"'Area: Charcoal Burners'","1","progression","Area","6710"
"'Area: Forthos Ruin'","1","progression","Area","6711"
"'Area: Hosidius Kitchen'","1","progression","Area","6712"
"'Area: Kingstown'","1","progression","Area","6713"
"'Area: East Arceuus'","1","progression","Area","6714"
"'Area: Blood Altar'","1","progression","Area","6715"
"'Area: Dark Altar'","1","progression","Area","6716"
"'Area: Fishing Hamlet'","1","progression","Area","6717"
"'Area: Grotesque Guardians\' Lair'","1","progression","Area","6727"
"'Area: Crumbling Tower#Basement'","1","progression","Area","6799"
"'Area: Fortis Crypt'","1","progression","Area","6804"
"'Area: Twilight Temple#Basement'","1","progression","Area","6805"
"'Area: Ruins of Tapoyauik'","1","progression","Area","6806"
"'Area: Stonecutter Church'","1","progression","Area","6957"
"'Area: Stonecutter Outpost'","1","progression","Area","6958"
"'Area: Outer Fortis Docks'","1","progression","Area","6959"
"'Area: Fortis East'","1","progression","Area","6960"
"'Area: Fortis Cothon'","1","progression","Area","6961"
"'Area: Crabclaw Isle'","1","progression","Area","6965"
"'Area: Monk Camping Site'","1","progression","Area","6966"
"'Area: Hosidius Fields'","1","progression","Area","6967"
"'Area: Hosidius Square'","1","progression","Area","6968"
"'Area: Piscarilius Station'","1","progression","Area","6969"
"'Area: West Piscarilius'","1","progression","Area","6970"
"'Area: Blood River'","1","progression","Area","6971"
"'Area: Arceuus Essence Mine'","1","progression","Area","6972"
"'Area: Nova Chunk'","1","progression","Area","6973"
"'Area: Varrock Museum#Natural History Exhibit'","1","progression","Area","6989"
"'Area: Falador Mole Lair'","1","progression","Area","6992"
"'Area: The Warrens'","1","progression","Area","7070"
"'Area: Colosseum South Shore'","1","progression","Area","7215"
"'Area: Fortis Colosseum'","1","progression","Area","7216"
"'Area: Colosseum North Shore'","1","progression","Area","7217"
"'Area: South Sand Crabs'","1","progression","Area","7221"
"'Area: Tithe Farm'","1","progression","Area","7222"
"'Area: Vinery'","1","progression","Area","7223"
"'Area: Hosidius Peninsula'","1","progression","Area","7224"
"'Area: Port Piscarilius'","1","progression","Area","7225"
"'Area: Piscarilius Foodhall'","1","progression","Area","7226"
"'Area: Piscarilius Bank'","1","progression","Area","7227"
"'Area: Soul Altar'","1","progression","Area","7228"
"'Area: Waterbirth Island Dungeon'","1","progression","Area","7236"
"'Area: Isle of Souls Dungeon'","1","progression","Area","7310"
"'Area: Fortis Colosseum Underground'","1","progression","Area","7316"
"'Area: Forthos Dungeon'","1","progression","Area","7322"
"'Area: Colosseum Rear Dock'","1","progression","Area","7472"
"'Area: East Hosidius Shore'","1","progression","Area","7478"
"'Area: East Sand Crabs'","1","progression","Area","7479"
"'Area: Black Knights\' Catacombs'","1","progression","Area","7491"
"'Area: Stronghold of Security'","1","progression","Area","7505"
"'Area: RFD Dining Room'","1","progression","Area","7507"
"'Area: Pyramid Plunder'","1","progression","Area","7749"
"'Area: Keldagrim Rat Pits'","1","progression","Area","7753"
"'Area: Eagles\' Peak Dungeon'","1","progression","Area","7756"
"'Area: Blast Furnace'","1","progression","Area","7757"
"'Area: Elemental Workshop'","1","progression","Area","7760"
"'Area: Scrubfoot\'s cave'","1","progression","Area","7777"
"'Area: Mourner Headquarters'","1","progression","Area","8007"
"'Area: The Scar'","1","progression","Area","8036"
"'Area: Scar essence mine'","1","progression","Area","8037"
"'Area: Southwest Soul Isle'","1","progression","Area","8236"
"'Area: West Soul Isle'","1","progression","Area","8237"
"'Area: Northwest Soul Isle'","1","progression","Area","8238"
"'Area: South Moonclan'","1","progression","Area","8252"
"'Area: North Moonclan'","1","progression","Area","8253"
"'Area: Cosmic entity\'s plane'","1","progression","Area","8267"
"'Area: Isle Pottery Base'","1","progression","Area","8491"
"'Area: South Isle Hunter'","1","progression","Area","8492"
"'Area: Blue Base'","1","progression","Area","8493"
"'Area: Crumbling Tower'","1","progression","Area","8494"
"'Area: Zul-Andra Entrance'","1","progression","Area","8495"
"'Area: Port Tyras'","1","progression","Area","8496"
"'Area: West Tyras Camp'","1","progression","Area","8497"
"'Area: West Iorwerth Camp'","1","progression","Area","8498"
"'Area: Prifddinas Shore'","1","progression","Area","8499"
"'Area: Prifddinas Harbour'","1","progression","Area","8500"
"'Area: Mynydd'","1","progression","Area","8501"
"'Area: Astral Altar'","1","progression","Area","8508"
"'Area: Lunar Mine Entrance'","1","progression","Area","8509"
"'Area: Cosmic altar'","1","progression","Area","8523"
"'Area: Braindeath Island'","1","progression","Area","8527"
"'Area: Soul Isle Mine'","1","progression","Area","8747"
"'Area: Soul Wars Lobby'","1","progression","Area","8748"
"'Area: North Isle Hunter'","1","progression","Area","8750"
"'Area: Zul-Andra'","1","progression","Area","8751"
"'Area: West Poison Waste'","1","progression","Area","8752"
"'Area: Tyras Camp'","1","progression","Area","8753"
"'Area: Iorwerth Camp'","1","progression","Area","8754"
"'Area: Ithell & Iorwerth'","1","progression","Area","8755"
"'Area: Amlodd & Hefin'","1","progression","Area","8756"
"'Area: Gwenith'","1","progression","Area","8757"
"'Area: Pirates\' Cove'","1","progression","Area","8763"
"'Area: Death altar'","1","progression","Area","8779"
"'Area: Burthorpe Games Room'","1","progression","Area","8781"
"'Area: Soul Isle Crabs'","1","progression","Area","9003"
"'Area: Soul Isle Beach'","1","progression","Area","9004"
"'Area: Red Base'","1","progression","Area","9005"
"'Area: Pyrefiend Pit'","1","progression","Area","9006"
"'Area: Zulrah\'s Shrine'","1","progression","Area","9007"
"'Area: East Poison Waste'","1","progression","Area","9008"
"'Area: South Isafdar'","1","progression","Area","9009"
"'Area: North Isafdar'","1","progression","Area","9010"
"'Area: Cadarn & Trahaearn'","1","progression","Area","9011"
"'Area: Crwys & Meilyr'","1","progression","Area","9012"
"'Area: Gorlah'","1","progression","Area","9013"
"'Area: West Eagles\' Peak'","1","progression","Area","9014"
"'Area: West Piscatoris'","1","progression","Area","9015"
"'Area: Kraken Cove Entrance'","1","progression","Area","9016"
"'Area: Ungael'","1","progression","Area","9023"
"'Area: King Black Dragon\'s Lair'","1","progression","Area","9033"
"'Area: Chaos altar'","1","progression","Area","9035"
"'Area: Inferno'","1","progression","Area","9043"
"'Area: Mouse Hole'","1","progression","Area","9046"
"'Area: Kraken Cove'","1","progression","Area","9116"
"'Area: Ungael#Laboratory'","1","progression","Area","9123"
"'Area: Southeast Soul Isle'","1","progression","Area","9260"
"'Area: Soul Isle Dungeon'","1","progression","Area","9261"
"'Area: Northeast Soul Isle'","1","progression","Area","9262"
"'Area: Dougne Delta'","1","progression","Area","9263"
"'Area: Dougne River'","1","progression","Area","9264"
"'Area: Lletya'","1","progression","Area","9265"
"'Area: South Arandar'","1","progression","Area","9266"
"'Area: Arandar'","1","progression","Area","9267"
"'Area: Southwest Stronghold Passage'","1","progression","Area","9268"
"'Area: West Stronghold Passage'","1","progression","Area","9269"
"'Area: Eagles\' Peak'","1","progression","Area","9270"
"'Area: Piscatoris Woodland'","1","progression","Area","9271"
"'Area: Piscatoris Mine'","1","progression","Area","9272"
"'Area: Fishing Colony'","1","progression","Area","9273"
"'Area: Neitiznot'","1","progression","Area","9275"
"'Area: West Ice Trolls'","1","progression","Area","9276"
"'Area: Wrath altar'","1","progression","Area","9291"
"'Area: Witchaven Dungeon#Secret section'","1","progression","Area","9295"
"'Area: Poison Waste Dungeon'","1","progression","Area","9311"
"'Area: Observatory Dungeon'","1","progression","Area","9362"
"'Area: Smoke Devil Dungeon'","1","progression","Area","9363"
"'Area: Underground Pass'","1","progression","Area","9365"
"'Area: Lunar Isle mine'","1","progression","Area","9377"
"'Area: Jiggig Swamp'","1","progression","Area","9519"
"'Area: Castle Wars'","1","progression","Area","9520"
"'Area: Observatory Trees'","1","progression","Area","9521"
"'Area: Arandar Mountain'","1","progression","Area","9523"
"'Area: Arandar Gate'","1","progression","Area","9524"
"'Area: Brimstail\'s Cave Entrance'","1","progression","Area","9525"
"'Area: Gnome Ball Field'","1","progression","Area","9526"
"'Area: River Delta'","1","progression","Area","9527"
"'Area: Falconry Area'","1","progression","Area","9528"
"'Area: Jatizso'","1","progression","Area","9531"
"'Area: East Ice Trolls'","1","progression","Area","9532"
"'Area: Meiyerditch mine'","1","progression","Area","9544"
"'Area: Viyeldi caves'","1","progression","Area","9545"
"'Area: Nature altar'","1","progression","Area","9547"
"'Area: Jatizso mine'","1","progression","Area","9631"
"'Area: Ice Troll Caves'","1","progression","Area","9632"
"'Area: Myths\' Guild'","1","progression","Area","9772"
"'Area: Corsair Resource Area'","1","progression","Area","9773"
"'Area: West Feldip Coast'","1","progression","Area","9774"
"'Area: Jiggig'","1","progression","Area","9775"
"'Area: Castle Wars Lobby'","1","progression","Area","9776"
"'Area: Observatory'","1","progression","Area","9777"
"'Area: Ourania Altar'","1","progression","Area","9778"
"'Area: Underground Pass Entrance'","1","progression","Area","9779"
"'Area: Jorral\'s Outpost'","1","progression","Area","9780"
"'Area: Tree Gnome Stronghold'","1","progression","Area","9781"
"'Area: Grand Tree'","1","progression","Area","9782"
"'Area: Crash Site Cavern'","1","progression","Area","9783"
"'Area: Island of Stone'","1","progression","Area","9790"
"'Area: Law altar'","1","progression","Area","9803"
"'Area: Dorgesh-Kaan-Keldagrim Train Platforms'","1","progression","Area","9814"
"'Area: Jiggig crypts'","1","progression","Area","9875"
"'Area: Grand Tree Tunnels'","1","progression","Area","9882"
"'Area: Corsair South Shore'","1","progression","Area","10028"
"'Area: Feldip Hunter Area'","1","progression","Area","10029"
"'Area: West Feldip Hills'","1","progression","Area","10030"
"'Area: Gu\'Tanoth'","1","progression","Area","10031"
"'Area: West Yanille'","1","progression","Area","10032"
"'Area: Tree Gnome Village'","1","progression","Area","10033"
"'Area: Khazard Battlefield'","1","progression","Area","10034"
"'Area: West Ardougne'","1","progression","Area","10035"
"'Area: Combat Training Camp'","1","progression","Area","10036"
"'Area: Glarial\'s Tomb'","1","progression","Area","10037"
"'Area: Baxtorian Falls'","1","progression","Area","10038"
"'Area: Barbarian Outpost'","1","progression","Area","10039"
"'Area: Lighthouse'","1","progression","Area","10040"
"'Area: Waterbirth Island'","1","progression","Area","10042"
"'Area: Southern Miscellania Tip'","1","progression","Area","10043"
"'Area: Miscellania'","1","progression","Area","10044"
"'Area: Mage Arena bank'","1","progression","Area","10057"
"'Area: Body altar'","1","progression","Area","10059"
"'Area: Dondakan\'s mine'","1","progression","Area","10061"
"'Area: Movario\'s Base'","1","progression","Area","10079"
"'Area: Red chinchompa hunting ground'","1","progression","Area","10129"
"'Area: Jungle eagle lair'","1","progression","Area","10130"
"'Area: Skavid caves'","1","progression","Area","10131"
"'Area: Tree Gnome Village dungeon'","1","progression","Area","10133"
"'Area: Lighthouse#Dungeon'","1","progression","Area","10140"
"'Area: Miscellania and Etceteria Dungeon'","1","progression","Area","10144"
"'Area: Corsair Cove'","1","progression","Area","10284"
"'Area: East Feldip Shore'","1","progression","Area","10285"
"'Area: East Feldip Hills'","1","progression","Area","10286"
"'Area: Gu\'Tanoth Island'","1","progression","Area","10287"
"'Area: East Yanille'","1","progression","Area","10288"
"'Area: Fight Arena'","1","progression","Area","10289"
"'Area: Ardougne Monastery'","1","progression","Area","10290"
"'Area: Ardougne Castle'","1","progression","Area","10291"
"'Area: Chaos Druid Tower'","1","progression","Area","10292"
"'Area: Fishing Guild'","1","progression","Area","10293"
"'Area: Coal Truck Mine'","1","progression","Area","10294"
"'Area: Lighthouse Bridge'","1","progression","Area","10296"
"'Area: West Rellekka'","1","progression","Area","10297"
"'Area: Etceteria'","1","progression","Area","10300"
"'Area: Puro-Puro'","1","progression","Area","10307"
"'Area: Fire altar'","1","progression","Area","10315"
"'Area: H.A.M. Store room'","1","progression","Area","10321"
"'Area: Barbarian Assault#Basement'","1","progression","Area","10322"
"'Area: Lassar Undercity'","1","progression","Area","10340"
"'Area: Ogre Enclave'","1","progression","Area","10387"
"'Area: Wizards\' Guild#Basement'","1","progression","Area","10388"
"'Area: Yanille Agility Dungeon'","1","progression","Area","10389"
"'Area: Yanille Agility Dungeon#Section 1'","1","progression","Area","103891"
"'Area: Yanille Agility Dungeon#Section 2'","1","progression","Area","103892"
"'Area: Yanille Agility Dungeon#Section 3'","1","progression","Area","103893"
"'Area: Yanille Agility Dungeon#Section 4'","1","progression","Area","103894"
"'Area: Yanille Agility Dungeon#Section 5'","1","progression","Area","103895"
"'Area: Yanille Agility Dungeon#Section 6'","1","progression","Area","103896"
"'Area: Yanille Agility Dungeon#Section 7'","1","progression","Area","103897"
"'Area: Clock Tower Dungeon'","1","progression","Area","10390"
"'Area: Carnillean Mansion#Basement'","1","progression","Area","10391"
"'Area: Chaos Druid Tower#Dungeon'","1","progression","Area","10392"
"'Area: Goblin Cave'","1","progression","Area","10393"
"'Area: Waterfall Dungeon'","1","progression","Area","10394"
"'Area: Pest Control'","1","progression","Area","10536"
"'Area: Void Knights\' Outpost'","1","progression","Area","10537"
"'Area: Rantz\' Cave'","1","progression","Area","10542"
"'Area: North Rantz Penninsula'","1","progression","Area","10543"
"'Area: Hazelmere\'s Island'","1","progression","Area","10544"
"'Area: Port Khazard'","1","progression","Area","10545"
"'Area: Tower of Life'","1","progression","Area","10546"
"'Area: Ardougne Market'","1","progression","Area","10547"
"'Area: Ardougne Farm'","1","progression","Area","10548"
"'Area: Hemenster'","1","progression","Area","10549"
"'Area: McGrubor\'s Wood'","1","progression","Area","10550"
"'Area: Fremennik Road'","1","progression","Area","10551"
"'Area: Fremennik Province'","1","progression","Area","10552"
"'Area: Rellekka'","1","progression","Area","10553"
"'Area: Rellekka Rocks'","1","progression","Area","10554"
"'Area: Eastern Etceteria Tip'","1","progression","Area","10556"
"'Area: South Iceberg'","1","progression","Area","10558"
"'Area: North Iceberg'","1","progression","Area","10559"
"'Area: Fisher Realm'","1","progression","Area","10569"
"'Area: Earth altar'","1","progression","Area","10571"
"'Area: Killerwatt plane'","1","progression","Area","10577"
"'Area: Rantz\'s cave'","1","progression","Area","10642"
"'Area: Ardougne Rat Pits'","1","progression","Area","10646"
"'Area: Ardougne Sewers'","1","progression","Area","10647"
"'Area: Temple of Ikov#Basement'","1","progression","Area","10648"
"'Area: West Ape Atoll'","1","progression","Area","10794"
"'Area: Marim Entrance'","1","progression","Area","10795"
"'Area: Brimhaven Dungeon'","1","progression","Area","10801"
"'Area: Horseshoe Mine'","1","progression","Area","10802"
"'Area: Witchaven'","1","progression","Area","10803"
"'Area: Legends\' Guild'","1","progression","Area","10804"
"'Area: Sorcerer\'s Tower'","1","progression","Area","10805"
"'Area: Seers\' Village'","1","progression","Area","10806"
"'Area: Sinclair Mansion'","1","progression","Area","10807"
"'Area: Fremennik Forest'","1","progression","Area","10808"
"'Area: Fremennik Mine'","1","progression","Area","10809"
"'Area: Rellekka Peninsula'","1","progression","Area","10810"
"'Area: Rellekka Hunter Area'","1","progression","Area","10811"
"'Area: Water altar'","1","progression","Area","10827"
"'Area: Dorgesh-Kaan South Dungeon'","1","progression","Area","10833"
"'Area: Dorgesh-Kaan'","1","progression","Area","10834"
"'Area: Brimhaven Dungeon#Section 1'","1","progression","Area","109001"
"'Area: Brimhaven Dungeon#Section 2'","1","progression","Area","109002"
"'Area: Brimhaven Dungeon#Section 3'","1","progression","Area","109003"
"'Area: Brimhaven Dungeon#Section 4'","1","progression","Area","109004"
"'Area: Brimhaven Dungeon#Section 5'","1","progression","Area","109005"
"'Area: Brimhaven Dungeon#Section 6'","1","progression","Area","109006"
"'Area: Brimhaven Dungeon#Section 7'","1","progression","Area","109007"
"'Area: Witchaven Dungeon'","1","progression","Area","10903"
"'Area: Legends\' Guild#Dungeon'","1","progression","Area","10904"
"'Area: Brine Rat Cavern'","1","progression","Area","10910"
"'Area: Polar eagle lair'","1","progression","Area","10911"
"'Area: East Ape Atoll'","1","progression","Area","11050"
"'Area: Marim'","1","progression","Area","11051"
"'Area: West Kharazi Jungle'","1","progression","Area","11053"
"'Area: Cairn Isle'","1","progression","Area","11054"
"'Area: South Tai Bwo Wannai'","1","progression","Area","11055"
"'Area: North Tai Bwo Wannai'","1","progression","Area","11056"
"'Area: Brimhaven'","1","progression","Area","11057"
"'Area: North Brimhaven'","1","progression","Area","11058"
"'Area: Fishing Platform'","1","progression","Area","11059"
"'Area: West Entrana'","1","progression","Area","11060"
"'Area: West Catherby'","1","progression","Area","11061"
"'Area: Camelot'","1","progression","Area","11062"
"'Area: Sinclair Lake'","1","progression","Area","11063"
"'Area: Golden Apple Tree'","1","progression","Area","11064"
"'Area: Mountain Camp'","1","progression","Area","11065"
"'Area: Mountain Slope South'","1","progression","Area","11066"
"'Area: Mountain Slope North'","1","progression","Area","11067"
"'Area: Trollweiss Mountain'","1","progression","Area","11068"
"'Area: Mind altar'","1","progression","Area","11083"
"'Area: Sophanem Dungeon'","1","progression","Area","11088"
"'Area: Yu\'biusk'","1","progression","Area","11089"
"'Area: Brimhaven Agility Arena'","1","progression","Area","11157"
"'Area: Keldagrim'","1","progression","Area","11166"
"'Area: Trollweiss Dungeon'","1","progression","Area","11167"
"'Area: Zemouregal\'s Fortress#Basement'","1","progression","Area","11168"
"'Area: Central Kharazi Jungle'","1","progression","Area","11309"
"'Area: Shilo Village'","1","progression","Area","11310"
"'Area: Karamja Jungle Mine'","1","progression","Area","11311"
"'Area: Jogre Coast'","1","progression","Area","11312"
"'Area: Karamja Volcano'","1","progression","Area","11313"
"'Area: South Crandor'","1","progression","Area","11314"
"'Area: North Crandor'","1","progression","Area","11315"
"'Area: Entrana'","1","progression","Area","11316"
"'Area: East Catherby'","1","progression","Area","11317"
"'Area: White Wolf Mountain'","1","progression","Area","11318"
"'Area: Warriors\' Guild'","1","progression","Area","11319"
"'Area: Death Plateau'","1","progression","Area","11320"
"'Area: Troll Stronghold'","1","progression","Area","11321"
"'Area: Ice Gate'","1","progression","Area","11322"
"'Area: Ice Path'","1","progression","Area","11323"
"'Area: Zemouregal\'s Fortress'","1","progression","Area","11324"
"'Area: Weiss'","1","progression","Area","11325"
"'Area: North Weiss Shore'","1","progression","Area","11326"
"'Area: Blood altar'","1","progression","Area","11338"
"'Area: Air altar'","1","progression","Area","11339"
"'Area: Shilo Village mine#Underground'","1","progression","Area","11410"
"'Area: Pothole Dungeon'","1","progression","Area","11412"
"'Area: White Wolf Tunnel'","1","progression","Area","11418"
"'Area: Ice Queen\'s Lair'","1","progression","Area","11419"
"'Area: Salt Mine'","1","progression","Area","11425"
"'Area: Crash Island'","1","progression","Area","11562"
"'Area: East Kharazi Jungle'","1","progression","Area","11565"
"'Area: Ah Za Rhoon'","1","progression","Area","11566"
"'Area: Karamja River'","1","progression","Area","11567"
"'Area: Karambwan Shore'","1","progression","Area","11568"
"'Area: Musa Point'","1","progression","Area","11569"
"'Area: Melzar\'s Maze'","1","progression","Area","11570"
"'Area: Crafting Guild'","1","progression","Area","11571"
"'Area: Falador West Wall'","1","progression","Area","11572"
"'Area: South Taverley'","1","progression","Area","11573"
"'Area: North Taverley'","1","progression","Area","11574"
"'Area: Burthorpe'","1","progression","Area","11575"
"'Area: Troll Arena'","1","progression","Area","11576"
"'Area: Trollheim'","1","progression","Area","11577"
"'Area: God Wars Dungeon'","1","progression","Area","11578"
"'Area: Lucien\'s Camp'","1","progression","Area","11579"
"'Area: Ghorrock Fortress'","1","progression","Area","11581"
"'Area: Varrock Rat Pits'","1","progression","Area","11599"
"'Area: Glough\'s Laboratory'","1","progression","Area","11662"
"'Area: Rashiliyia\'s Tomb'","1","progression","Area","11668"
"'Area: Melzar\'s Maze#Basement'","1","progression","Area","11670"
"'Area: Heroes\' Guild#Basement'","1","progression","Area","11674"
"'Area: Warriors\' Guild#Basement'","1","progression","Area","11675"
"'Area: Troll Tunnel'","1","progression","Area","11676"
"'Area: Uzer Mastaba'","1","progression","Area","11680"
"'Area: Kharazi East Coast'","1","progression","Area","11821"
"'Area: Gandius\' Glider'","1","progression","Area","11822"
"'Area: Ship Yard'","1","progression","Area","11823"
"'Area: Mudskipper Point'","1","progression","Area","11824"
"'Area: Port Sarim Church'","1","progression","Area","11825"
"'Area: Rimmington'","1","progression","Area","11826"
"'Area: Falador South Wall'","1","progression","Area","11827"
"'Area: West Falador'","1","progression","Area","11828"
"'Area: Falador North Gate'","1","progression","Area","11829"
"'Area: Goblin Village'","1","progression","Area","11830"
"'Area: West Wildy Ditch'","1","progression","Area","11831"
"'Area: West Green Dragons'","1","progression","Area","11832"
"'Area: Dareeyak Ruins'","1","progression","Area","11833"
"'Area: Forgotten Cemetery'","1","progression","Area","11834"
"'Area: Chaos Altar'","1","progression","Area","11835"
"'Area: Western Obelisk'","1","progression","Area","11836"
"'Area: Frozen Waste Plateau'","1","progression","Area","11837"
"'Area: Corporeal Beast\'s Lair'","1","progression","Area","11842"
"'Area: Ruins of Camdozaal'","1","progression","Area","11866"
"'Area: Mogre Camp'","1","progression","Area","11924"
"'Area: Port Sarim Rat Pits'","1","progression","Area","11926"
"'Area: White Knights\' Castle#Crypt'","1","progression","Area","11928"
"'Area: Dwarven Mine'","1","progression","Area","11929"
"'Area: Witch\'s House#Basement'","1","progression","Area","11931"
"'Area: Witch\'s House#Manhole'","1","progression","Area","11932"
"'Area: Wilderness Agility Course#Dungeon'","1","progression","Area","11937"
"'Area: Tempoross Arena'","1","progression","Area","12078"
"'Area: Port Sarim Jail'","1","progression","Area","12081"
"'Area: Port Sarim'","1","progression","Area","12082"
"'Area: Falador Farm'","1","progression","Area","12083"
"'Area: East Falador'","1","progression","Area","12084"
"'Area: Asgarnian Road'","1","progression","Area","12085"
"'Area: Edgeville Monastery'","1","progression","Area","12086"
"'Area: Monastery Ditch'","1","progression","Area","12087"
"'Area: Dark Warriors\' Fort'","1","progression","Area","12088"
"'Area: Wilderness Bandit Camp'","1","progression","Area","12089"
"'Area: North Bandit\'s Cliff'","1","progression","Area","12090"
"'Area: Lava Maze Entrance'","1","progression","Area","12091"
"'Area: West Lava Maze'","1","progression","Area","12092"
"'Area: Pirates\' Hideout'","1","progression","Area","12093"
"'Area: Tower of Life#Basement'","1","progression","Area","12100"
"'Area: Enchanted Valley'","1","progression","Area","12102"
"'Area: Gorak Plane'","1","progression","Area","12115"
"'Area: Ourania Cave'","1","progression","Area","12119"
"'Area: Mining Guild'","1","progression","Area","12183"
"'Area: Basement of Doom'","1","progression","Area","12186"
"'Area: Old School Museum'","1","progression","Area","12187"
"'Area: Wilderness God Wars Dungeon'","1","progression","Area","12190"
"'Area: Lava Maze Dungeon'","1","progression","Area","12192"
"'Area: Deep Wilderness Dungeon'","1","progression","Area","12193"
"'Area: Sea Spirit Boat'","1","progression","Area","12332"
"'Area: Wizards\' Tower'","1","progression","Area","12337"
"'Area: South Draynor'","1","progression","Area","12338"
"'Area: North Draynor'","1","progression","Area","12339"
"'Area: Draynor Manor'","1","progression","Area","12340"
"'Area: Barbarian Village'","1","progression","Area","12341"
"'Area: Edgeville'","1","progression","Area","12342"
"'Area: Edgeville Ditch'","1","progression","Area","12343"
"'Area: West Ferox Enclave'","1","progression","Area","12344"
"'Area: Hunter\'s End Entrance'","1","progression","Area","12345"
"'Area: Bandit Camp Mine'","1","progression","Area","12346"
"'Area: South Maze Dragons'","1","progression","Area","12347"
"'Area: East Lava Maze'","1","progression","Area","12348"
"'Area: Mage Arena'","1","progression","Area","12349"
"'Area: Enakhra\'s Temple'","1","progression","Area","12433"
"'Area: Temple of the Eye'","1","progression","Area","12435"
"'Area: Wizards\' Tower#Basement'","1","progression","Area","12437"
"'Area: Draynor Sewers'","1","progression","Area","12438"
"'Area: Menaphos West Gate'","1","progression","Area","12587"
"'Area: Ruins of Unkah'","1","progression","Area","12588"
"'Area: Desert Quarry'","1","progression","Area","12589"
"'Area: Desert Bandit Camp'","1","progression","Area","12590"
"'Area: Bedabin Camp'","1","progression","Area","12591"
"'Area: West Lumbridge Swamp'","1","progression","Area","12593"
"'Area: Lumbridge Castle Backyard'","1","progression","Area","12594"
"'Area: Lumbridge Mill'","1","progression","Area","12595"
"'Area: Champions\' Guild'","1","progression","Area","12596"
"'Area: West Varrock'","1","progression","Area","12597"
"'Area: Grand Exchange'","1","progression","Area","12598"
"'Area: Center Wildy Ditch'","1","progression","Area","12599"
"'Area: East Ferox Enclave'","1","progression","Area","12600"
"'Area: Graveyard of Shadows'","1","progression","Area","12601"
"'Area: Eastern Ruins'","1","progression","Area","12602"
"'Area: Wilderness Pond'","1","progression","Area","12603"
"'Area: Center North Wildy'","1","progression","Area","12604"
"'Area: Deserted Keep'","1","progression","Area","12605"
"'Area: Tarn\'s Lair'","1","progression","Area","12615"
"'Area: Tunnel of Chaos'","1","progression","Area","12625"
"'Area: Ancient Guthix Temple'","1","progression","Area","12692"
"'Area: Lumbridge Swamp Caves'","1","progression","Area","12693"
"'Area: H.A.M. Hideout'","1","progression","Area","12694"
"'Area: Sourhog Cave'","1","progression","Area","12695"
"'Area: Varrock West Bank#Basement'","1","progression","Area","12697"
"'Area: Ferox Enclave Dungeon'","1","progression","Area","12700"
"'Area: Clan Hall'","1","progression","Area","12704"
"'Area: Menaphos'","1","progression","Area","12843"
"'Area: Menaphos Desert'","1","progression","Area","12844"
"'Area: Jaldraocht Pyramid'","1","progression","Area","12845"
"'Area: Desert Wall'","1","progression","Area","12846"
"'Area: Rocky Desert'","1","progression","Area","12847"
"'Area: Kalphite Coast'","1","progression","Area","12848"
"'Area: East Lumbridge Swamp'","1","progression","Area","12849"
"'Area: Lumbridge Castle'","1","progression","Area","12850"
"'Area: Groats\' Farm'","1","progression","Area","12851"
"'Area: Varrock South Gate'","1","progression","Area","12852"
"'Area: Varrock Center/Square'","1","progression","Area","12853"
"'Area: Varrock Palace'","1","progression","Area","12854"
"'Area: Varrock Ditch'","1","progression","Area","12855"
"'Area: Chaos Temple'","1","progression","Area","12856"
"'Area: Chaos Temple Woods'","1","progression","Area","12857"
"'Area: Bone Yard'","1","progression","Area","12858"
"'Area: Vet\'ion\'s Rest Entrance'","1","progression","Area","12859"
"'Area: Lava Dragon Isle'","1","progression","Area","12860"
"'Area: Scorpion Pit'","1","progression","Area","12861"
"'Area: Chambers of Xeric'","1","progression","Area","12889"
"'Area: Lumbridge Castle#Cellar'","1","progression","Area","12950"
"'Area: Phoenix Gang Hideout'","1","progression","Area","12952"
"'Area: Scorpia\'s Lair'","1","progression","Area","12961"
"'Area: Necropolis West'","1","progression","Area","13098"
"'Area: Sophanem'","1","progression","Area","13099"
"'Area: Desert Wanderer'","1","progression","Area","13100"
"'Area: Elid South Bridge'","1","progression","Area","13101"
"'Area: Smoke Dungeon'","1","progression","Area","13102"
"'Area: Desert Mining Camp'","1","progression","Area","13103"
"'Area: Shantay Pass'","1","progression","Area","13104"
"'Area: Al Kharid Palace'","1","progression","Area","13105"
"'Area: North Al Kharid'","1","progression","Area","13106"
"'Area: Al Kharid Mine'","1","progression","Area","13107"
"'Area: East Varrock Mine'","1","progression","Area","13108"
"'Area: East Varrock Gate'","1","progression","Area","13109"
"'Area: Lumber Yard'","1","progression","Area","13110"
"'Area: Lumber Yard Ditch'","1","progression","Area","13111"
"'Area: Ent Forest'","1","progression","Area","13112"
"'Area: Boneyard Hunter Area'","1","progression","Area","13113"
"'Area: East Bone Yard'","1","progression","Area","13114"
"'Area: Silk Chasm Entrance'","1","progression","Area","13115"
"'Area: Demonic Ruins'","1","progression","Area","13116"
"'Area: Rogues\' Castle'","1","progression","Area","13117"
"'Area: Ancient Vault'","1","progression","Area","13156"
"'Area: Tombs of Amascut Lobby'","1","progression","Area","13198"
"'Area: Desert Mining Camp#Underground Mines'","1","progression","Area","13203"
"'Area: Dorgesh-Kaan mine'","1","progression","Area","13206"
"'Area: Tolna\'s rift'","1","progression","Area","13209"
"'Area: Zemouregal\'s Base'","1","progression","Area","13211"
"'Area: Vet\'ion\'s Rest'","1","progression","Area","13215"
"'Area: Skeletal Tomb'","1","progression","Area","13216"
"'Area: Elven rabbit cave'","1","progression","Area","13252"
"'Area: Necropolis Main Temple'","1","progression","Area","13354"
"'Area: North Necropolis'","1","progression","Area","13355"
"'Area: Agility Pyramid'","1","progression","Area","13356"
"'Area: Deserted Cave'","1","progression","Area","13357"
"'Area: Pollnivneach'","1","progression","Area","13358"
"'Area: River Elid Central'","1","progression","Area","13359"
"'Area: Elid North Bridge'","1","progression","Area","13360"
"'Area: Desert Battlefield'","1","progression","Area","13361"
"'Area: PvP Arena'","1","progression","Area","13362"
"'Area: Mage Training Arena'","1","progression","Area","13363"
"'Area: Exam Centre'","1","progression","Area","13364"
"'Area: Digsite'","1","progression","Area","13365"
"'Area: Silvarea'","1","progression","Area","13366"
"'Area: South East Wildy'","1","progression","Area","13367"
"'Area: Zombie Pirate Shipwreck'","1","progression","Area","13368"
"'Area: East Green Dragons'","1","progression","Area","13369"
"'Area: East Wildy Shore'","1","progression","Area","13370"
"'Area: Wilderness Crabs'","1","progression","Area","13371"
"'Area: Fountain of Rune'","1","progression","Area","13372"
"'Area: Wilderness Volcano'","1","progression","Area","13373"
"'Area: Daimon\'s Crater Southwest'","1","progression","Area","13374"
"'Area: Daimon\'s Crater West'","1","progression","Area","13375"
"'Area: Daimon\'s Crater Northwest'","1","progression","Area","13376"
"'Area: Genie\'s Cave'","1","progression","Area","13457"
"'Area: Water Ravine Dungeon'","1","progression","Area","13461"
"'Area: Digsite Dungeon'","1","progression","Area","13464"
"'Area: Escape Caves'","1","progression","Area","13472"
"'Area: Callisto\'s Den'","1","progression","Area","13473"
"'Area: Hunter\'s End'","1","progression","Area","13474"
"'Area: Giants\' Foundry'","1","progression","Area","13491"
"'Area: Ullek Swamp'","1","progression","Area","13611"
"'Area: Ruins of Ullek'","1","progression","Area","13612"
"'Area: Nardah'","1","progression","Area","13613"
"'Area: Nardah Desert'","1","progression","Area","13614"
"'Area: Desert Lizards'","1","progression","Area","13615"
"'Area: Desert Hunter Area'","1","progression","Area","13616"
"'Area: Citharede Abbey'","1","progression","Area","13617"
"'Area: Abandoned Mine'","1","progression","Area","13618"
"'Area: Path to Mort\'ton'","1","progression","Area","13619"
"'Area: Nature Grotto'","1","progression","Area","13620"
"'Area: Mort Myre Swamp'","1","progression","Area","13621"
"'Area: Paterdomus'","1","progression","Area","13622"
"'Area: Slayer Tower'","1","progression","Area","13623"
"'Area: Daimon\'s Crater South'","1","progression","Area","13630"
"'Area: Daimon\'s Crater Center'","1","progression","Area","13631"
"'Area: Daimon\'s Crater North'","1","progression","Area","13632"
"'Area: Desert eagle lair'","1","progression","Area","13717"
"'Area: Nature Grotto Cave'","1","progression","Area","13720"
"'Area: Slayer Tower#Basement'","1","progression","Area","13723"
"'Area: Silk Chasm'","1","progression","Area","13727"
"'Area: Web Chasm'","1","progression","Area","13728"
"'Area: East Nardah Coast'","1","progression","Area","13869"
"'Area: Ancient Vault Ruins'","1","progression","Area","13870"
"'Area: Uzer Oasis'","1","progression","Area","13871"
"'Area: Uzer'","1","progression","Area","13872"
"'Area: South Burgh de Rott'","1","progression","Area","13873"
"'Area: Burgh de Rott'","1","progression","Area","13874"
"'Area: Mort\'ton'","1","progression","Area","13875"
"'Area: Swamp Rowboat'","1","progression","Area","13876"
"'Area: Myreque Hideout'","1","progression","Area","13877"
"'Area: Canifis'","1","progression","Area","13878"
"'Area: Mausoleum'","1","progression","Area","13879"
"'Area: Daimon\'s Crater Southeast'","1","progression","Area","13886"
"'Area: Daimon\'s Crater East'","1","progression","Area","13887"
"'Area: Daimon\'s Crater Northeast'","1","progression","Area","13888"
"'Area: Kalphite Lair'","1","progression","Area","13972"
"'Area: Kalphite Queen\'s Lair'","1","progression","Area","13973"
"'Area: Myreque hideout#Burgh De Rott Hideout'","1","progression","Area","13974"
"'Area: Shade Catacombs'","1","progression","Area","13975"
"'Area: Experiment Cave'","1","progression","Area","13979"
"'Area: Burgh de Rott Pier'","1","progression","Area","14129"
"'Area: East Burgh de Rott'","1","progression","Area","14130"
"'Area: Barrows'","1","progression","Area","14131"
"'Area: Castle Drakan'","1","progression","Area","14132"
"'Area: Morytania Graveyard'","1","progression","Area","14133"
"'Area: West Haunted Woods'","1","progression","Area","14134"
"'Area: Fenkenstrain\'s Castle'","1","progression","Area","14135"
"'Area: Lithkren'","1","progression","Area","14142"
"'Area: Barrows Crypts'","1","progression","Area","14231"
"'Area: Werewolf Agility Dungeon'","1","progression","Area","14234"
"'Area: Meiyerditch Wall'","1","progression","Area","14385"
"'Area: South Meiyerditch'","1","progression","Area","14386"
"'Area: North Meiyerditch'","1","progression","Area","14387"
"'Area: Darkmeyer'","1","progression","Area","14388"
"'Area: Haunted Woods Bridge'","1","progression","Area","14389"
"'Area: East Haunted Woods'","1","progression","Area","14390"
"'Area: Alice\'s Farm'","1","progression","Area","14391"
"'Area: East Lithkren'","1","progression","Area","14398"
"'Area: Myreque hideout#Meiyerditch Hideout'","1","progression","Area","14486"
"'Area: Wyvern Cave'","1","progression","Area","14495"
"'Area: Task Only Wyvern Cave'","1","progression","Area","14496"
"'Area: Pirate Pier'","1","progression","Area","14637"
"'Area: Pirate Base'","1","progression","Area","14638"
"'Area: West Mos Le\'Harmless'","1","progression","Area","14639"
"'Area: Icyene Graveyard'","1","progression","Area","14641"
"'Area: Ver Sinhaza'","1","progression","Area","14642"
"'Area: Slepe Entrance'","1","progression","Area","14643"
"'Area: East Darkmeyer'","1","progression","Area","14644"
"'Area: Morytania Delta'","1","progression","Area","14645"
"'Area: Port Phasmatys'","1","progression","Area","14646"
"'Area: Ectofuntus'","1","progression","Area","14647"
"'Area: Deranged archaeologist'","1","progression","Area","14649"
"'Area: Tar Swamp'","1","progression","Area","14650"
"'Area: Swamp Border'","1","progression","Area","14651"
"'Area: Mushroom Forest'","1","progression","Area","14652"
"'Area: Daeyalt essence mine'","1","progression","Area","14744"
"'Area: Morytania Spider Nest'","1","progression","Area","14745"
"'Area: Port Phasmatys Brewery'","1","progression","Area","14747"
"'Area: Mos Le\'Harmless Cove'","1","progression","Area","14894"
"'Area: Mid Mos Le\'Harmless'","1","progression","Area","14895"
"'Area: Ver Sinhaza Shore'","1","progression","Area","14898"
"'Area: Slepe'","1","progression","Area","14899"
"'Area: Crombwick Manor'","1","progression","Area","14900"
"'Area: North Slepe Shore'","1","progression","Area","14901"
"'Area: School Boat'","1","progression","Area","14902"
"'Area: Verdant Valley'","1","progression","Area","14906"
"'Area: Museum Camp'","1","progression","Area","14907"
"'Area: House on the Hill'","1","progression","Area","14908"
"'Area: Motherlode Mine'","1","progression","Area","14936"
"'Area: Mos Le\'Harmless Cave'","1","progression","Area","14994"
"'Area: Underwater Fossil Island'","1","progression","Area","15008"
"'Area: Harmony Island'","1","progression","Area","15148"
"'Area: Trouble Brewing'","1","progression","Area","15150"
"'Area: Trouble Brewing Lobby'","1","progression","Area","15151"
"'Area: Dragontooth Island'","1","progression","Area","15159"
"'Area: South Volcano'","1","progression","Area","15162"
"'Area: Fossil Island Volcano'","1","progression","Area","15163"
"'Area: Strange Stone'","1","progression","Area","15164"
"'Area: East Mos Le\'Harmless Shore'","1","progression","Area","15406"
"'Area: Northeast Mos Le\'Harmless Shore'","1","progression","Area","15407"
